pred_protein_set,go_id,go_term,p_value,annotated_gene_of_term
YML025C YGL086W YER036C YGL068W,unknown,unknown,-1,unknown
YMR224C YNL218W YHR031C YNL262W YNL273W YPL024W YMR078C YHR191C YBR223C YPL008W YOR144C YCL061C YDR217C YJL092W YGL163C YGL175C YMR048W YHR164C YJL173C YJR043C YAR007C YBL088C YLR288C YDL220C YKL113C YLR320W YER095W YDR359C YBR136W YCR066W YDL059C YPR135W YPL022W YBR073W YBR098W YML032C YMR190C YDR004W YMR284W YNL250W YNL312W YDR180W YOR033C YDR386W YBR088C,GO:0006281,DNA repair,7.18E-52,YBR223C YHR031C YNL312W YPR135W YJL173C YDR217C YHR164C YNL273W YLR320W YOR144C YBR073W YMR048W YDR180W YMR224C YMR078C YDL059C YBL088C YNL218W YDR004W YGL175C YLR288C YMR190C YJR043C YAR007C YOR033C YGL163C YBR098W YDR386W YBR088C YPL008W YPL022W YNL250W YCR066W YKL113C YER095W YMR284W YNL262W YJL092W YCL061C YDR359C YML032C YBR136W
YPL178W YKL173W YDL209C YPR101W YMR240C YMR213W YOR308C YNR011C YFL017W-A YPR178W YIR005W YGR129W YLR016C YPL213W YJR084W YBR055C YLR438C-A YLR298C YCR063W YDR482C YPL064C YBR065C YBR188C YHR086W YER029C YJL203W YGL174W YPR045C YPR182W,GO:0000398,"mRNA splicing, via spliceosome",1.67E-47,YPL213W YMR240C YBR055C YIR005W YBR188C YLR438C-A YLR016C YDL209C YPL178W YHR086W YOR308C YGL174W YER029C YMR213W YLR298C YKL173W YPR045C YFL017W-A YPR101W YPR182W YJL203W YBR065C YCR063W YGR129W YJR084W YNR011C YDR482C YPR178W
YDL074C YMR224C YNL218W YHR031C YIR002C YNL273W YPL024W YMR078C YHR191C YDL013W YOR144C YCL061C YDR217C YJL092W YLR234W YGL163C YJL173C YMR048W YHR164C YAR007C YBL088C YLR288C YDL002C YNL054W YKL113C YER095W YER116C YBR136W YCR066W YDL059C YPR135W YMR201C YLR032W YML032C YCL016C YML061C YMR190C YDR004W YMR284W YNL250W YNL312W YBR087W YOR033C YDR386W,GO:0006281,DNA repair,8.54E-46,YHR031C YNL312W YPR135W YJL173C YDR217C YHR164C YNL273W YIR002C YOR144C YMR048W YMR224C YMR078C YDL059C YBR087W YLR032W YBL088C YNL218W YDR004W YML061C YLR288C YMR190C YAR007C YOR033C YGL163C YDR386W YMR201C YNL250W YCR066W YKL113C YER095W YMR284W YDL074C YDL013W YER116C YDL002C YJL092W YCL061C YBR136W YML032C
YPL178W YLR117C YPR094W YML049C YBR152W YMR240C YMR213W YMR288W YNR011C YOR308C YHR165C YOR159C YFL017W-A YPR152C YIR005W YOR319W YPL213W YLL036C YBR119W YER172C YAL032C YDL043C YER029C YJL203W YDL030W YPR182W,GO:0000398,"mRNA splicing, via spliceosome",1.89E-45,YPL213W YMR240C YPR152C YOR319W YIR005W YML049C YPR094W YMR288W YPL178W YAL032C YOR308C YER029C YMR213W YDL030W YOR159C YDL043C YFL017W-A YPR182W YJL203W YBR152W YHR165C YER172C YBR119W YLR117C YNR011C YLL036C
YNL002C YGL076C YBR142W YPL093W YFR001W YKL009W YAL025C YGR103W YGL111W YKL021C YMR049C YNL061W YLR002C YNL110C YOL077C YOR272W YER126C YPL043W YML065W YLR009W YDR060W YKL082C YER002W YMR290C YPL211W YPR016C YOR294W YOR206W,GO:0042273,ribosomal large subunit biogenesis,2.18E-45,YER002W YLR009W YMR290C YGL111W YER126C YAL025C YPL093W YOL077C YBR142W YNL002C YGL076C YPR016C YKL021C YOR294W YKL082C YOR272W YDR060W YKL009W YGR103W YNL110C YOR206W YPL043W YLR002C YPL211W YMR049C YFR001W YNL061W
YNL002C YHR066W YBR142W YGL120C YPL093W YFR001W YGR218W YKL009W YGR103W YGL111W YHR052W YKL021C YMR049C YNL061W YNL110C YOR272W YER126C YLR009W YOL077C YPL043W YPL198W YER002W YMR290C YDR060W YDR496C YPL211W YPR016C YOR206W,GO:0042273,ribosomal large subunit biogenesis,2.70E-45,YER002W YLR009W YMR290C YGL111W YER126C YPL093W YOL077C YGL120C YPL198W YBR142W YNL002C YPR016C YKL021C YHR052W YOR272W YDR060W YKL009W YGR103W YNL110C YOR206W YPL043W YPL211W YMR049C YDR496C YFR001W YHR066W YNL061W
YBR247C YCL059C YCR057C YPL012W YMR093W YLR129W YJL010C YER082C YNL132W YOR310C YPL126W YBL004W YDR449C YDL148C YHR196W YJR002W YLR409C YIL019W YOR078W YMR229C YPR144C YPL217C YDR324C,GO:0042274,ribosomal small subunit biogenesis,2.48E-38,YLR129W YPL126W YLR409C YJR002W YBL004W YPL012W YBR247C YOR310C YPR144C YCR057C YDR449C YDL148C YMR093W YER082C YNL132W YMR229C YJL010C YOR078W YIL019W YHR196W YDR324C YPL217C YCL059C
YNL002C YHR066W YBR142W YPL093W YFR001W YDR087C YKL009W YAL025C YGR103W YGL111W YHR052W YKL021C YMR049C YNL061W YNL110C YLR009W YOL077C YER002W YOR272W YMR290C YDR496C YPL211W YPR016C YOR206W,GO:0042273,ribosomal large subunit biogenesis,4.31E-38,YER002W YLR009W YMR290C YGL111W YAL025C YPL093W YOL077C YBR142W YNL002C YPR016C YKL021C YHR052W YOR272W YKL009W YGR103W YNL110C YOR206W YPL211W YMR049C YDR496C YFR001W YHR066W YNL061W
YOL041C YNL002C YKL014C YOR063W YHR066W YGL120C YKL172W YDL031W YPR143W YPL012W YKR081C YDR087C YGR103W YHR052W YMR049C YNL110C YOL077C YER126C YOR310C YPL043W YDR060W YMR290C YFL002C YPL211W YMR229C YLL008W,GO:0042273,ribosomal large subunit biogenesis,2.18E-36,YMR290C YER126C YLL008W YOL077C YGL120C YNL002C YKL172W YPR143W YHR052W YOR063W YDR060W YKR081C YOL041C YMR229C YGR103W YNL110C YPL043W YPL211W YKL014C YMR049C YFL002C YDL031W YHR066W
YPL178W YNR032C-A YDL209C YPR101W YMR213W YOR308C YGR129W YIR005W YPL151C YIR009W YLR016C YPL213W YCR063W YDR482C YDR378C YBR065C YBR188C YER029C YNL147W YGL174W YPR182W,GO:0000398,"mRNA splicing, via spliceosome",3.68E-36,YPL213W YIR005W YBR188C YLR016C YIR009W YDL209C YPL178W YOR308C YGL174W YER029C YMR213W YPL151C YNL147W YPR101W YPR182W YBR065C YDR378C YGR129W YCR063W YDR482C YNR032C-A
YOL041C YKL014C YOR063W YNL002C YHR066W YPL093W YKL172W YKR081C YDR087C YGR103W YHR052W YPL131W YMR049C YNL061W YNL110C YOL077C YER126C YOR310C YPL043W YDR060W YPL211W YPR016C YMR229C YOR206W,GO:0042273,ribosomal large subunit biogenesis,2.31E-35,YER126C YPL093W YOL077C YNL002C YKL172W YPR016C YPL131W YHR052W YOR063W YDR060W YKR081C YOL041C YMR229C YGR103W YNL110C YOR206W YPL043W YPL211W YKL014C YMR049C YHR066W YNL061W
YDR365C YCL059C YKR060W YCR057C YDR299W YJL010C YGR145W YER082C YOR310C YPL126W YHL034C YBL004W YJL109C YDR449C YDL148C YNR054C YOR287C YGR090W YHR196W YJR002W YLR409C YIL019W YDR324C YPR144C,GO:0000462,"maturation of SSU-rRNA from tricistronic rRNA transcript (SSU-rRNA, 5.8S rRNA, LSU-rRNA)",2.04E-34,YPL126W YJR002W YBL004W YKR060W YNR054C YOR310C YOR287C YGR090W YDR299W YPR144C YCR057C YDR449C YDL148C YGR145W YER082C YJL109C YJL010C YIL019W YHR196W YDR324C YCL059C
YOR098C YHR170W YKL186C YLR074C YPL093W YER006W YGL099W YGR245C YDR101C YPR016C YKL009W YMR047C YNR053C YAL059W YPL146C YPL169C,GO:0000054,ribosomal subunit export from nucleus,1.19E-33,YMR047C YGR245C YKL186C YPL093W YPR016C YER006W YPL146C YNR053C YGL099W YDR101C YKL009W YLR074C YHR170W YOR098C YPL169C YAL059W
YAR007C YBL088C YDL002C YDR369C YKL113C YER092W YER095W YBR136W YDL059C YGR099W YOR033C YLR052W YMR078C YML032C YHR164C YCL061C YMR284W YNL312W YMR190C YOR189W,GO:0000723,telomere maintenance,1.63E-31,YMR190C YNL312W YHR164C YAR007C YOR033C YOR189W YLR052W YGR099W YER092W YER095W YMR284W YDR369C YDL002C YDL059C YBL088C YCL061C YBR136W YML032C
YGR252W YOR064C YDR176W YOR244W YDR448W YBL052C YLR153C YHR090C YHR099W YJL127C YFL024C YPR023C YPR031W YJR082C,GO:0016573,histone acetylation,6.11E-27,YHR099W YJR082C YJL127C YFL024C YOR064C YOR244W YPR023C YGR252W YBL052C YDR176W YDR448W YLR153C YPR031W YHR090C
YDR076W YNL273W YBR088C YMR078C YHR191C YDL013W YCL061C YDR217C YJL092W YER173W YGL163C YMR048W YLR288C YGR188C YKL113C YLR320W YER095W YER116C YDR359C YBR136W YPR135W YLR052W YLR233C YML032C YCL016C YMR190C YDR004W YDR014W YDR180W YBR087W YOR189W YER104W,GO:0006259,DNA metabolic process,8.36E-27,YLR288C YMR190C YPR135W YDR217C YGL163C YNL273W YER173W YOR189W YLR320W YBR088C YLR052W YMR048W YDR076W YLR233C YDR180W YKL113C YER095W YER116C YMR078C YHR191C YDL013W YBR087W YJL092W YCL061C YDR004W YDR359C YML032C YBR136W YCL016C
YAR007C YPR175W YLR320W YBR278W YPR135W YDR121W YIL150C YNL262W YJL072C YMR078C YPL167C YOL146W YDR013W YCL061C YDR489W YMR048W YJR043C,GO:0006260,DNA replication,8.99E-27,YIL150C YDR121W YJR043C YPR135W YAR007C YBR278W YLR320W YMR048W YOL146W YPR175W YDR489W YPL167C YJL072C YMR078C YNL262W YCL061C YDR013W
YOR269W YOR265W YOR349W YGR078C YPL174C YPL241C YDR388W YGR200C YPL253C YEL003W YLR200W YER007W YCL029C YCR009C YIL034C YNL153C YMR138W YCR088W YML094W YOR058C,GO:0007021,tubulin complex assembly,3.78E-25,YPL241C YMR138W YGR078C YOR349W YEL003W YOR265W YLR200W YER007W YML094W YNL153C
YDR101C YHR170W YKL186C YLR074C YPL093W YPL220W YKL009W YAL059W YGL099W YPR016C YGR218W YER006W,GO:0000054,ribosomal subunit export from nucleus,1.03E-24,YKL186C YGL099W YPL093W YGR218W YKL009W YDR101C YHR170W YLR074C YPL220W YAL059W YER006W YPR016C
YPR185W YLR431C YBR131W YCR068W YNL223W YHR171W YPL149W YBR217W YPL120W YBR128C YNR007C YFR021W YLL042C,GO:0044804,autophagy of nucleus,2.16E-24,YNR007C YBR217W YLL042C YPL149W YCR068W YHR171W YBR128C YPR185W YLR431C YNL223W YPL120W YFR021W
YCL001W YOR216C YBR288C YGR261C YBR164C YLR262C YJL024C YJL004C YPL051W YOL018C YER157W YNL041C YNL051W YKR001C YML071C YPL195W YBR254C YGL005C,GO:0048193,Golgi vesicle transport,1.27E-23,YNL041C YML071C YPL051W YBR164C YCL001W YER157W YJL004C YBR288C YJL024C YNL051W YOR216C YLR262C YBR254C YGR261C YPL195W YGL005C YOL018C
YMR055C YHR129C YJL030W YGL190C YOR233W YGL003C YLR079W YPR119W YPL269W YIL106W YAL041W YJR053W YGL086W YAL024C YDR052C YGL116W,GO:0044772,mitotic cell cycle phase transition,1.54E-23,YHR129C YGL190C YGL003C YGL086W YPL269W YMR055C YJL030W YJR053W YGL116W YOR233W YPR119W YIL106W YAL041W YDR052C YLR079W YAL024C
YPR185W YLR431C YHR171W YNL223W YPL149W YBR217W YNR007C YBL078C YDL149W,GO:0044805,late nucleophagy,1.92E-23,YNR007C YBR217W YPL149W YBL078C YDL149W YHR171W YPR185W YLR431C YNL223W
YKL113C YLR320W YER095W YJR068W YPR135W YBR088C YMR078C YHR191C YDL013W YML032C YCL016C YPL008W YOR144C YCL061C YDR004W YJL092W YFR027W YBR087W YDR180W YGL163C YMR048W YOL094C,GO:0006281,DNA repair,2.69E-23,YPR135W YGL163C YLR320W YBR088C YFR027W YOR144C YPL008W YMR048W YOL094C YDR180W YKL113C YER095W YMR078C YDL013W YJL092W YBR087W YJR068W YCL061C YDR004W YML032C
YKL045W YDL102W YOR368W YPL194W YJR006W YPR135W YNL102W YIL150C YNL262W YNL273W YMR078C YPL167C YDR013W YIR008C YLR103C YDR217C YDR489W YER173W YIL139C YJR043C,GO:0006281,DNA repair,5.10E-23,YIL150C YIL139C YJR043C YDR217C YNL102W YPR135W YJR006W YNL273W YER173W YDL102W YKL045W YDR489W YPL167C YMR078C YOR368W YNL262W YLR103C YPL194W YDR013W
YLL036C YLR117C YDR473C YBR152W YER172C YHR165C YLR424W YER013W YDR364C YBL074C YML024W YDR447C YGL128C YML046W YGR075C,GO:0071826,ribonucleoprotein complex subunit organization,9.19E-23,YDR473C YGR075C YER013W YLR424W YML024W YHR165C YBR152W YER172C YGL128C YDR447C YBL074C YDR364C YLR117C YML046W YLL036C
YPL178W YLL036C YKL173W YML049C YBR152W YMR240C YPR178W YOR308C YMR288W YER029C YOR319W YJL203W YPL213W YDL030W YHR008C,GO:0000398,"mRNA splicing, via spliceosome",1.14E-22,YPL213W YMR240C YJL203W YOR319W YML049C YBR152W YMR288W YPL178W YOR308C YER029C YKL173W YDL030W YLL036C YPR178W
YGL093W YPL018W YGR113W YIR010W YPL174C YJR135C YBR211C YDR130C YFR046C YLR045C YAL034W-A YIL144W YOL069W YMR117C YPR046W YDR201W YLR031W YFL008W YER018C YLR315W YJR112W,GO:0007059,chromosome segregation,1.52E-22,YPL018W YDR201W YBR211C YGL093W YFR046C YJR135C YLR315W YER018C YDR130C YOL069W YIR010W YJR112W YPR046W YFL008W YAL034W-A YGR113W YIL144W YMR117C
YFR037C YOR304W YKR101W YMR179W YPL129W YGR002C YJL081C YJL127C YPR023C YGR252W YPR070W YGR270W YPL254W YDR176W YMR075W YBL002W YLR442C YMR236W YOL004W YOL012C YGL112C,GO:0006325,chromatin organization,2.96E-22,YGR002C YGL112C YLR442C YKR101W YOL012C YMR075W YMR236W YPL129W YDR176W YPL254W YJL127C YBL002W YOR304W YJL081C YOL004W YFR037C YPR023C YGR252W YMR179W
YEL002C YEL042W YOR085W YMR149W YER005W YOR067C YBR171W YLR292C YDR245W YPL227C YDR414C YEL036C YNL219C YJL183W YOR002W,GO:0006486,protein glycosylation,3.72E-22,YEL042W YMR149W YOR002W YNL219C YDR414C YDR245W YEL036C YEL002C YER005W YOR067C YPL227C YJL183W YOR085W
YFR037C YLR357W YNL031C YGR116W YBL003C YGL207W YOR290C YML069W YBL002W YBR089C-A YHL025W YOL012C YDR224C YDR225W YBR010W YPR052C YJL176C,GO:0006325,chromatin organization,1.13E-21,YHL025W YLR357W YBR089C-A YOL012C YOR290C YBR010W YGR116W YGL207W YBL003C YDR225W YNL031C YBL002W YJL176C YDR224C YPR052C YFR037C YML069W
YDL083C YMR143W YMR078C YHR191C YDL003W YPR046W YKL113C YCL016C YPL008W YJR135C YFL008W YDR180W YBR107C YMR048W,GO:0007064,mitotic sister chromatid cohesion,2.69E-21,YPR046W YFL008W YDR180W YJR135C YHR191C YMR078C YBR107C YDL003W YPL008W YMR048W YCL016C
YMR047C YGL075C YGL247W YBL079W YMR129W YJL019W YIL040W YER105C YLR018C YML031W YIL115C YML103C,GO:0006997,nucleus organization,6.84E-21,YMR129W YMR047C YML103C YML031W YBL079W YIL040W YIL115C YGL247W YJL019W YGL075C YLR018C YER105C
YPL106C YBL075C YBR101C YJL034W YAL005C YER103W YBR169C YDR188W YNL007C YNL064C YNL209W YLL024C YDL229W,GO:0042026,protein refolding,1.43E-20,YPL106C YAL005C YNL209W YDL229W YLL024C YJL034W YBR169C YER103W YNL064C YBL075C
YGR103W YNL002C YHR088W YPL131W YHR052W YHR066W YNL110C YOL077C YPL093W YFR001W YPR143W YKR081C YPR016C YDR087C,GO:0042273,ribosomal large subunit biogenesis,1.71E-20,YPR143W YHR052W YPL093W YKR081C YHR088W YOL077C YNL110C YGR103W YNL002C YFR001W YPR016C YPL131W YHR066W
YBL088C YDL002C YDL220C YDR369C YKL113C YER095W YER116C YNL273W YPL024W YLR233C YHR191C YDL013W YML032C YCL016C YCL061C YMR284W YNL250W YJL092W YDR386W YBR088C,GO:0006259,DNA metabolic process,1.98E-20,YPL024W YNL273W YDR386W YBR088C YDL220C YNL250W YLR233C YKL113C YER095W YMR284W YDR369C YER116C YHR191C YDL013W YDL002C YJL092W YBL088C YCL061C YML032C YCL016C
YLR431C YBR131W YHR171W YPL100W YBR217W YFR021W YNR007C YLL042C YMR159C YDL149W,GO:0032258,cytoplasm to vacuole transport by the Cvt pathway,2.48E-20,YNR007C YBR217W YBR131W YMR159C YLL042C YDL149W YHR171W YLR431C YPL100W YFR021W
YPL256C YMR199W YBR160W YGR109C YBR135W YJL030W YGR108W YLR079W YGL003C YLR210W YPR119W YPR120C YDL155W,GO:0000079,regulation of cyclin-dependent protein serine/threonine kinase activity,8.00E-20,YLR210W YPR119W YGR109C YPR120C YDL155W YLR079W YBR135W YMR199W YGR108W YPL256C
YMR167W YDR097C YPL164C YPL022W YLR035C YOL090W YCR092C YNL082W,GO:0000710,meiotic mismatch repair,1.05E-19,YPL022W YCR092C YNL082W YPL164C YDR097C YOL090W YMR167W
YDR390C YDL013W YDR409W YPR180W YGL241W YER116C YDR510W YOR156C YDL064W,GO:0016925,protein sumoylation,1.40E-19,YDR510W YER116C YDL013W YDR409W YDR390C YOR156C YPR180W YDL064W
YOR164C YDR292C YOL111C YER019C-A YOR007C YDL100C YBR283C YPL210C YKL154W,GO:0045047,protein targeting to ER,3.70E-19,YOR007C YKL154W YOR164C YOL111C YDR292C YER019C-A YPL210C YDL100C YBR283C
YBL050W YOR106W YLR093C YMR197C YGL212W YKL196C YPL045W YLR396C YDR229W,GO:0042144,"vacuole fusion, non-autophagic",5.19E-19,YKL196C YDR229W YPL045W YLR093C YMR197C YGL212W YBL050W YOR106W YLR396C
YPL022W YOR033C YBR223C YOR368W YBR098W YML032C YLR135W YBL019W YML095C YDL101C YDR217C YPL153C YER173W YMR156C YKL114C,GO:0006281,DNA repair,6.99E-19,YKL114C YBR223C YPL022W YLR135W YDR217C YBL019W YML095C YDL101C YOR368W YMR156C YOR033C YBR098W YER173W YPL153C YML032C
YDR121W YNL102W YNL262W YOR346W YDL102W YPR175W YPL167C YDR013W YDR224C YDR217C YDR225W YPL153C YBR278W YIL139C YJR043C,GO:0006281,DNA repair,7.12E-19,YOR346W YIL139C YPR175W YPL167C YDR121W YJR043C YDR217C YNL102W YDR224C YNL262W YBR278W YDL102W YPL153C YDR225W YDR013W
YBL088C YBR275C YDR082W YDR369C YLR453C YML032C YKL113C YMR224C YBL035C YMR284W YOR033C YGL175C,GO:0000723,telomere maintenance,8.50E-19,YGL175C YBL035C YBR275C YMR284W YDR082W YMR224C YDR369C YOR033C YBL088C YLR453C YML032C
YAL011W YOR244W YHR090C YJL081C YGR252W YNL097C YDR485C YLL002W YDR176W YOL148C YIL084C YER111C YBR231C YAL013W YOL004W YMR263W YNL107W YJL115W,GO:0006325,chromatin organization,3.52E-18,YJL115W YMR263W YIL084C YDR176W YDR485C YAL011W YNL107W YNL097C YOL148C YAL013W YJL081C YBR231C YOR244W YOL004W YGR252W YHR090C
YPR129W YNL118C YCR077C YGL222C YPR189W YOL149W YER035W YJL124C YEL015W YDL160C,GO:0110154,RNA decapping,4.51E-18,YOL149W YEL015W YCR077C YDL160C YGL222C YNL118C YER035W YJL124C
YLR312W-A YBR282W YPR194C YDR405W YGR076C YHL004W YPL173W YKR006C YLR439W YGR220C YMR193W YML025C YCR071C,GO:0032543,mitochondrial translation,9.20E-18,YGR220C YHL004W YCR071C YLR439W YML025C YPL173W YKR006C YDR405W YGR076C YMR193W YBR282W YLR312W-A
YJL157C YPL256C YMR199W YBR135W YER167W YAL040C YGL003C YLR079W YLR210W YPR119W YPL014W YBR050C,GO:0000079,regulation of cyclin-dependent protein serine/threonine kinase activity,1.28E-17,YLR210W YPR119W YAL040C YPL014W YLR079W YBR135W YJL157C YMR199W YPL256C
YDL155W YJL030W YGR108W YJL187C YGL003C YLR079W YLR210W YPR119W YDR285W YPR120C YOR026W,GO:0010695,regulation of mitotic spindle pole body separation,1.29E-17,YLR210W YDL155W YPR119W YJL187C YPR120C YGR108W YGL003C
YIR002C YPL022W YLR383W YDR386W YBR098W YKL113C YML032C YLR135W YER095W YCR066W YJL092W YMR190C YER041W YHR164C,GO:0006281,DNA repair,2.05E-17,YPL022W YER041W YLR383W YCR066W YER095W YKL113C YLR135W YMR190C YHR164C YJL092W YBR098W YDR386W YIR002C YML032C
YDR383C YKL049C YDL160C-A YPR046W YIR010W YPL233W YJR135C YBR211C YBR107C YLR315W YDR254W YOL086W-A YFR046C YGR179C,GO:0007059,chromosome segregation,4.19E-17,YPR046W YDR254W YBR211C YFR046C YJR135C YDL160C-A YLR315W YPL233W YBR107C YOL086W-A YKL049C YGR179C YIR010W
YOR346W YKL054C YDR092W YLR032W YPL167C YCR066W YDR419W YGL087C YIL139C,GO:0006301,postreplication repair,6.96E-17,YDR092W YOR346W YIL139C YCR066W YPL167C YDR419W YLR032W YGL087C
YGR056W YDL002C YLR052W YOR141C YGL133W YBR010W YBL003C YFL013C YDR224C YNL107W YJL065C YKL213C YDR225W YCR052W YDR485C,GO:0006325,chromatin organization,1.16E-16,YNL107W YGL133W YOR141C YBR010W YDR224C YDL002C YFL013C YCR052W YBL003C YLR052W YDR485C YDR225W YJL065C YGR056W
YLL039C YHR191C YDL013W YIL046W YCL016C YBR082C YER116C YDR510W YPL055C YPL020C YNL312W YHR134W YFR010W YOR124C YDL064W,GO:0070647,protein modification by small protein conjugation or removal,2.46E-16,YPL055C YDR510W YFR010W YHR134W YNL312W YER116C YDL013W YLL039C YIL046W YPL020C YDL064W YOR124C YBR082C
YJL069C YDL213C YKR060W YCL059C YLR068W YIL019W YKL099C YOR078W YDR324C YPR144C,GO:0042274,ribosomal small subunit biogenesis,3.71E-16,YPR144C YDL213C YKL099C YKR060W YJL069C YOR078W YLR068W YIL019W YDR324C YCL059C
YLR431C YOR089C YER031C YML001W YLR262C YPL045W YJL178C YLR396C YNL093W YKR014C YDL149W,GO:0006623,protein targeting to vacuole,4.79E-16,YNL093W YOR089C YPL045W YLR262C YML001W YKR014C YDL149W YLR396C YLR431C YJL178C
YOR195W YAR019C YMR001C YKL101W YAL024C YPL209C YOR373W YGR092W YDL028C YIL106W YFR028C YBR156C,GO:0010564,regulation of cell cycle process,8.44E-16,YBR156C YIL106W YOR373W YMR001C YAR019C YGR092W YDL028C YPL209C YKL101W YFR028C YAL024C YOR195W
YIR003W YLL050C YDR129C YIL034C YGR080W YDR388W YCR088W YOR181W YKL007W YFR016C,GO:0030036,actin cytoskeleton organization,1.31E-15,YIR003W YDR388W YDR129C YOR181W YCR088W YLL050C YFR016C YGR080W YIL034C YKL007W
YMR117C YDR318W YPL018W YIR010W YLR381W YER018C YAL034W-A YEL061C YDL028C YDR254W YIL106W YFR046C YJL013C,GO:0007059,chromosome segregation,2.14E-15,YDR254W YPL018W YDR318W YFR046C YDL028C YAL034W-A YER018C YLR381W YEL061C YJL013C YIR010W YMR117C
YAR007C YMR224C YDR369C YKL113C YLR320W YER095W YDR510W YER116C YBR136W YDL064W YPR135W YMR078C YDL013W YML032C YOR144C YDR386W,GO:0006281,DNA repair,2.22E-15,YER095W YKL113C YPR135W YDR369C YMR224C YDL013W YMR078C YER116C YAR007C YDR386W YLR320W YOR144C YML032C YBR136W
YMR055C YDR150W YJR053W YER016W YLR045C YHR129C YPL269W YPL174C YKR054C YAL047C YDR488C YOR058C,GO:0000226,microtubule cytoskeleton organization,3.23E-15,YHR129C YLR045C YER016W YOR058C YPL174C YKR054C YPL269W YDR150W YDR488C YAL047C
YPL256C YMR199W YDL155W YLR182W YAL040C YOL001W YGL003C YLR079W YPR119W YPR120C YOR026W,GO:0000079,regulation of cyclin-dependent protein serine/threonine kinase activity,3.37E-15,YPR119W YPR120C YAL040C YDL155W YOL001W YLR079W YMR199W YPL256C
YGR252W YDR176W YOL148C YOR244W YHR099W YHR090C YML007W YJL127C YFL024C YJR082C YOR290C,GO:0016573,histone acetylation,6.87E-15,YHR099W YJR082C YJL127C YFL024C YOL148C YOR244W YGR252W YDR176W YHR090C
YDR150W YOR122C YHR129C YOR211C YMR294W YPL174C YNL079C YOR326W YKR054C YPL269W YDR488C,GO:0051293,establishment of spindle localization,7.13E-15,YOR326W YHR129C YMR294W YKR054C YPL269W YPL174C YDR488C
YDL074C YLR052W YOR141C YEL044W YER092W YER095W YNL250W YGL163C YOR189W,GO:0006312,mitotic recombination,1.21E-14,YER092W YNL250W YER095W YOR141C YDL074C YGL163C YOR189W YLR052W
YPL022W YAL027W YHR154W YDR075W YOR368W YML032C YLR135W YER095W YML095C YDR217C YER173W,GO:0006302,double-strand break repair,1.91E-14,YPL022W YER095W YLR135W YDR217C YML095C YAL027W YOR368W YDR075W YHR154W YML032C
YLL036C YDR243C YHR165C YCR031C YKL074C YIR005W YHR086W YPR057W YLR298C,GO:0000245,spliceosomal complex assembly,2.11E-14,YHR086W YPR057W YDR243C YIR005W YHR165C YLR298C YKL074C
YLR335W YKL068W YMR308C YER110C YAL059W YER009W YNL189W YGL092W YJR074W YER107C,GO:0006913,nucleocytoplasmic transport,2.25E-14,YKL068W YJR074W YGL092W YER107C YMR308C YLR335W YER110C YNL189W YAL059W YER009W
YOR346W YBR274W YDL102W YPL167C YML032C YER095W YDL101C YDR217C YPL153C YKL114C YML058W YIL139C,GO:0006974,cellular response to DNA damage stimulus,5.21E-14,YKL114C YOR346W YIL139C YER095W YBR274W YPL167C YDR217C YDL101C YDL102W YML058W YPL153C YML032C
YJR123W YDL060W YBR247C YCL059C YNL207W YGR090W YIL019W YMR093W YPR144C YGR218W,GO:0030490,maturation of SSU-rRNA,6.25E-14,YPR144C YNL207W YDL060W YMR093W YBR247C YIL019W YJR123W YGR090W YCL059C
YFR037C YGR056W YHR056C YNL031C YLR357W YGR275W YLR087C YLR321C YBL003C YDR224C YDR225W YBR010W YPR052C,GO:0006325,chromatin organization,6.68E-14,YLR357W YGR275W YBR010W YPR052C YDR224C YFR037C YHR056C YLR321C YBL003C YDR225W YNL031C YGR056W
YGR056W YKL213C YMR078C YOR141C YNL136W YGR002C YDR334W YDR359C YNL107W YOL115W YEL018W YDL129W YNL246W,GO:0006281,DNA repair,8.05E-14,YNL136W YKL213C YNL246W YGR002C YNL107W YDR334W YOR141C YMR078C YOL115W YEL018W YDR359C YGR056W
YJR145C YMR194W YDR012W YDL195W YOL120C YNL301C YMR242C YHR010W YPL249C-A YBR031W YFR031C-A,GO:0002181,cytoplasmic translation,8.14E-14,YFR031C-A YMR242C YJR145C YNL301C YOL120C YMR194W YBR031W YDR012W YHR010W YPL249C-A
YHR107C YER155C YDL127W YNL289W YNL074C YDR309C YIL135C YDR507C YHR061C,GO:0031106,septin ring organization,9.55E-14,YIL135C YHR107C YDR309C YDL127W YHR061C YNL289W YDR507C
Q0250 Q0275 YPL189C-A YGR112W YMR257C YIL157C YJL062W-A YLR203C Q0045 YML129C,GO:0008535,respiratory chain complex IV assembly,1.43E-13,YIL157C YML129C YMR257C YLR203C YJL062W-A YGR112W YPL189C-A
YOR026W YMR198W YJL030W YGL003C YLR079W YJL013C YLR210W YPR119W YPR141C YPR120C YDL155W,GO:0051726,regulation of cell cycle,1.69E-13,YLR210W YPR119W YPR120C YGL003C YDL155W YOR026W YLR079W YJL013C YMR198W YPR141C YJL030W
YJL010C YDL060W YBR247C YLR435W YDR335W YPL012W YGR090W YGR128C YHR196W YMR093W YER006W,GO:0000462,"maturation of SSU-rRNA from tricistronic rRNA transcript (SSU-rRNA, 5.8S rRNA, LSU-rRNA)",1.92E-13,YDL060W YMR093W YPL012W YLR435W YBR247C YJL010C YGR128C YGR090W YHR196W
Q0275 YNR018W YBL045C YEL024W YGL187C YGL191W YJL166W Q0045 YML030W,GO:1902600,proton transmembrane transport,2.41E-13,YBL045C YEL024W YML030W Q0275 YNR018W YGL191W Q0045 YGL187C
YDR468C YBR102C YPR032W YDR238C YLR166C YDR166C YLR114C YOR327C YLR268W YGR009C YBL106C,GO:0048193,Golgi vesicle transport,4.72E-13,YLR166C YOR327C YDR166C YLR268W YDR238C YDR468C YBR102C YLR114C YPR032W YBL106C
YGL113W YKL108W YGL116W YDR052C YJL090C YLR103C YBL023C YLR274W YPR120C YGR109C,GO:0006261,DNA-templated DNA replication,5.34E-13,YLR274W YKL108W YGL113W YJL090C YGR109C YPR120C YDR052C YLR103C YBL023C
YDR299W YGR145W YDR365C YJL033W YOR310C YCL059C YCR057C YJR002W YIL019W YPR161C YPR144C YDR324C,GO:0000462,"maturation of SSU-rRNA from tricistronic rRNA transcript (SSU-rRNA, 5.8S rRNA, LSU-rRNA)",5.55E-13,YPR144C YCR057C YJR002W YGR145W YOR310C YIL019W YDR299W YDR324C YCL059C
YMR022W YOL013C YIL030C YOR202W YLR378C YJL034W YMR161W YMR264W,GO:0030433,ubiquitin-dependent ERAD pathway,6.90E-13,YIL030C YOL013C YLR378C YMR264W YMR161W YJL034W YMR022W
YNL118C YCR077C YJL047C-A YHL034C YER165W YOL149W YGL173C YJL124C YOL012C YEL015W YDL160C,GO:0050779,RNA destabilization,9.07E-13,YOL149W YEL015W YCR077C YDL160C YNL118C YER165W YGL173C YJL124C
YNL055C YLL006W YMR060C YJR144W YKL053C-A YBR262C YGL219C YKR016W YAL010C YFR011C,GO:0007005,mitochondrion organization,9.97E-13,YFR011C YLL006W YGL219C YMR060C YNL055C YKL053C-A YBR262C YAL010C YKR016W YJR144W
YNR069C YNR068C YMR275C YML111W YER125W,GO:0006513,protein monoubiquitination,2.40E-12,YNR068C YER125W YMR275C YNR069C YML111W
YIR021W YPL213W YPL151C YNL245C YBR065C YPR134W YPL029W,GO:0000375,"RNA splicing, via transesterification reactions",3.35E-11,YPL029W YPL213W YNL245C YIR021W YPR134W YBR065C YPL151C
YER030W YBL002W YLR442C YDR227W YOL012C YNL107W YDR224C YNL186W YDR485C,GO:0006325,chromatin organization,6.52E-11,YNL107W YLR442C YBL002W YOL012C YDR224C YDR227W YER030W YNL186W YDR485C
YDR101C YIL148W YHR084W YGL099W YNL209W YGL135W YPL220W,GO:0000054,ribosomal subunit export from nucleus,7.95E-11,YNL209W YIL148W YGL099W YPL220W YGL135W YDR101C
YDR101C YNL002C YNL110C YLR074C YGL120C YLR150W YNR053C YPL093W YJL122W YPL146C YOR206W YER006W,GO:0042254,ribosome biogenesis,8.10E-11,YNR053C YPL093W YDR101C YJL122W YGL120C YNL110C YOR206W YLR074C YNL002C YER006W YPL146C
YML034W YOR073W YCR086W YDL003W YDR113C YGR098C YJL030W,GO:0000070,mitotic sister chromatid segregation,9.09E-11,YDR113C YML034W YGR098C YDL003W YCR086W YOR073W YJL030W
YNL148C YOR349W YOR265W YER007W YCL029C YML085C YJL179W YML124C,GO:0007023,post-chaperonin tubulin folding pathway,1.82E-10,YER007W YOR349W YOR265W YNL148C
YGR285C YHR010W YNL209W YBR084W YHR064C YDL229W,GO:0051083,'de novo' cotranslational protein folding,1.82E-10,YNL209W YDL229W YGR285C YHR064C
YBL016W YGR040W YLR113W YKL101W YLR362W YDR283C YDL159W YDR477W,GO:0006468,protein phosphorylation,1.99E-10,YGR040W YLR113W YDL159W YDR283C YBL016W YLR362W YKL101W YDR477W
YNL102W YIR008C YNL262W YKL045W YFR040W YJR043C,GO:0006271,DNA strand elongation involved in DNA replication,2.32E-10,YNL262W YIR008C YJR043C YKL045W YNL102W
YHR108W YJR125C YDR153C YPR029C YNR006W YDR358W YKL135C,GO:0007034,vacuolar transport,5.06E-10,YDR358W YPR029C YDR153C YKL135C YNR006W YJR125C YHR108W
YHR084W YMR124W YHR158C YLL021W YBR200W YER149C YPL158C YLR229C YCL027W YLR319C,GO:0000753,cell morphogenesis involved in conjugation with cellular fusion,7.13E-10,YCL027W YER149C YBR200W YLR229C YLL021W
YNL207W YDR122W YLR096W YNL161W YGR097W YPR115W,GO:0051049,regulation of transport,1.03E-09,YDR122W YPR115W YGR097W YNL207W YNL161W YLR096W
YOR036W YGL095C YDR323C YCL063W YLR148W YMR197C,GO:0007033,vacuole organization,1.11E-09,YLR148W YDR323C YGL095C YOR036W YMR197C YCL063W
YDR328C YLL039C YIL046W YBL084C YDR139C YGL252C YFL009W YDR054C,GO:0016567,protein ubiquitination,1.73E-09,YIL046W YDR328C YDR139C YDR054C YBL084C YFL009W YLL039C
YDR123C YKL185W YKL062W YDL020C YNL330C YER111C YOR344C YDR096W YOL108C,GO:0045935,positive regulation of nucleobase-containing compound metabolic process,2.00E-09,YNL330C YDR123C YKL062W YOL108C YKL185W YDR096W YDL020C YER111C YOR344C
YAL025C YOL041C YER102W YNL110C YDR083W YBL072C YKR081C YOR078W,GO:0006364,rRNA processing,2.57E-09,YDR083W YER102W YAL025C YKR081C YOL041C YNL110C YOR078W YBL072C
YPL246C YHR098C YDL099W YDR517W YIL109C YFR051C YER122C,GO:0006888,endoplasmic reticulum to Golgi vesicle-mediated transport,2.60E-09,YHR098C YIL109C YER122C YFR051C YDR517W YDL099W
YPL255W YLR457C YOR344C YLR018C YGL075C,GO:0030474,spindle pole body duplication,3.90E-09,YLR457C YPL255W YGL075C YLR018C
YGL043W YFL029C YPR161C YLR226W YGL244W YLR418C,GO:0031060,regulation of histone methylation,5.85E-09,YGL244W YLR226W YLR418C YPR161C
YDL081C YJR143C YDR382W YGR199W YOL039W YDL130W,GO:0032147,activation of protein kinase activity,8.29E-09,YOL039W YDL130W YDL081C YDR382W
YGR105W YGR106C YBR288C YGR261C YMR186W YMR123W YML071C YNL041C YNL051W YPL195W YPL240C YGL005C,GO:0006623,protein targeting to vacuole,9.37E-09,YNL041C YGR261C YBR288C YPL195W YML071C YNL051W YGL005C
YNL078W YMR032W YLR084C YOL070C YPL115C YPL242C YKR090W YDL240W YDL117W,GO:0000281,mitotic cytokinesis,1.63E-08,YPL242C YMR032W YLR084C YDL117W YOL070C YNL078W
YMR201C YDL074C YLR032W YML032C YER095W YPL055C YCR066W YGL058W YNL312W,GO:0006259,DNA metabolic process,2.13E-08,YPL055C YCR066W YER095W YNL312W YDL074C YGL058W YLR032W YML032C YMR201C
YPL001W YBR009C YNL030W YJL115W YLL022C YJR154W YEL056W,GO:0031507,heterochromatin assembly,2.16E-08,YJL115W YLL022C YNL030W YPL001W YEL056W YBR009C
YDL042C YBR095C YOR244W YIL084C YOL068C YOL004W YGR252W YDL182W YCR033W YGL194C,GO:0006476,protein deacetylation,2.23E-08,YBR095C YOL004W YOL068C YIL084C YGL194C
YDR123C YKL185W YJL056C YDR146C YLR228C YDL020C YER111C YFL009W YLR131C,GO:0045893,"positive regulation of transcription, DNA-templated",2.79E-08,YDR123C YLR131C YKL185W YDR146C YLR228C YJL056C YDL020C YER111C
YHR116W Q0275 YBL045C YNL315C YNR020C YJL166W YJL180C YLR393W Q0045 YMR256C,GO:0033615,mitochondrial proton-transporting ATP synthase complex assembly,4.71E-08,YLR393W YNR020C YJL180C YNL315C
YLL036C YFR002W YGL100W YMR288W YNR011C YDL043C YPR057W YNL286W,GO:0000398,"mRNA splicing, via spliceosome",4.78E-08,YDL043C YPR057W YNR011C YNL286W YMR288W YLL036C
YDL002C YDR207C YOL004W YER095W YMR284W YNL107W YDR217C YER173W YNL216W,GO:0006974,cellular response to DNA damage stimulus,7.54E-08,YNL107W YER095W YMR284W YNL216W YDR217C YDL002C YOL004W YER173W
YGR105W YGR106C YGR261C YMR186W YMR123W YJL024C YML071C YNL041C YNL051W YPL195W,GO:0006623,protein targeting to vacuole,8.89E-08,YNL041C YGR261C YPL195W YML071C YJL024C YNL051W
YNL062C YLR384C YJL125C YDL051W YOL093W,GO:0008033,tRNA processing,1.24E-07,YJL125C YLR384C YOL093W YDL051W YNL062C
YDR059C YBR082C YPR093C YDR177W YDL008W,GO:0016567,protein ubiquitination,1.99E-07,YDR177W YDR059C YDL008W YPR093C YBR082C
YNL069C YDL191W YKL014C YLR175W YNR051C YKL172W YER151C YPL012W YDL136W YIL133C,GO:0006364,rRNA processing,2.51E-07,YDL191W YDL136W YNL069C YPL012W YKL014C YLR175W YKL172W YIL133C
YIL144W YKL052C YER016W YDR130C YOL069W YGL093W YMR294W,GO:0098813,nuclear chromosome segregation,3.84E-07,YDR130C YER016W YKL052C YIL144W YOL069W YGL093W
YER095W YJR052W YBL032W YER162C YGR099W YML032C YDR291W,GO:0000723,telomere maintenance,6.25E-07,YBL032W YGR099W YDR291W YER095W YML032C
YDL069C YPL215W YNR074C YBR120C,GO:0017062,respiratory chain complex III assembly,7.96E-07,YBR120C YDL069C YPL215W
YML009C YNL122C YPL183W-A YNR022C YGR220C YDR512C,GO:0032543,mitochondrial translation,1.28E-06,YGR220C YNR022C YPL183W-A YML009C YNL122C
YDR515W YBL087C YDR012W YER117W YBR031W YOL120C,GO:0002181,cytoplasmic translation,2.72E-06,YBR031W YER117W YDR012W YOL120C YBL087C
YOL004W YLR445W YMR263W YOL135C YNL215W YAL013W,GO:0061188,negative regulation of ribosomal DNA heterochromatin assembly,2.79E-06,YOL004W YMR263W YAL013W
YDL081C YDL130W YNL145W YDR382W YGL173C,GO:0032147,activation of protein kinase activity,3.58E-06,YDL130W YDL081C YDR382W
YJR045C YOR232W YJR070C YPL098C,GO:0030150,protein import into mitochondrial matrix,5.53E-06,YPL098C YJR045C YOR232W
YLR287C-A YNL302C YOR293W YOL121C YOR182C YOR183W,GO:0002181,cytoplasmic translation,6.58E-06,YLR287C-A YOL121C YOR182C YOR293W YNL302C
YLR372W YAL058W YNL190W YJL196C YLR350W YNL064C YJL082W YGR038W,GO:0030148,sphingolipid biosynthetic process,9.51E-06,YLR372W YLR350W YGR038W YJL196C
YLR385C YMR235C YAL011W YDR485C YLR065C YBR231C,GO:0043486,histone exchange,1.18E-05,YBR231C YAL011W YDR485C
YMR100W YGR135W YLR421C YDR363W-A YFR019W YHR200W,GO:0006511,ubiquitin-dependent protein catabolic process,1.22E-05,YDR363W-A YMR100W YLR421C YGR135W YHR200W
YPR178W YNR011C YHR021C YKL156W,GO:0022618,ribonucleoprotein complex assembly,2.68E-05,YKL156W YNR011C YHR021C YPR178W
YLR048W YDR012W YOL120C YBR031W YDR333C YGR214W YMR247C,GO:0006412,translation,2.88E-05,YGR214W YDR333C YLR048W YMR247C YBR031W YDR012W YOL120C
YDR502C YDR062W YMR296C YLR180W,GO:0006556,S-adenosylmethionine biosynthetic process,3.58E-05,YLR180W YDR502C
YDR468C YJL204C YFL024C YAL030W YHR099W YHR090C YOR327C,GO:0006892,post-Golgi vesicle-mediated transport,6.47E-05,YOR327C YDR468C YJL204C YAL030W
YPL181W YKL032C YMR176W YDL020C YAL013W,GO:0051052,regulation of DNA metabolic process,7.21E-05,YPL181W YAL013W YKL032C YDL020C
YBR034C YCR093W YOL123W YGL044C,GO:0072402,response to DNA integrity checkpoint signaling,8.55E-05,YOL123W YGL044C
YDL082W YMR142C YOL120C YDR412W YFR031C-A,GO:0002181,cytoplasmic translation,9.67E-05,YFR031C-A YMR142C YDL082W YOL120C
YPL184C YDR409W YBR073W YOR156C,GO:1990683,DNA double-strand break attachment to nuclear envelope,0.000116793,YDR409W YOR156C
YLR064W YLL023C YLR023C YML031W,GO:0071786,endoplasmic reticulum tubular network organization,0.000132394,YLR064W YLL023C
YDL043C YDR172W YCR077C YPR057W YKL074C YDL167C,GO:0000245,spliceosomal complex assembly,0.000171522,YDL043C YPR057W YKL074C
YIL063C YGR163W YML121W,GO:0071230,cellular response to amino acid stimulus,0.000291892,YGR163W YML121W
YHR082C YHR033W YKL166C YGR262C,GO:0016310,phosphorylation,0.000311435,YGR262C YHR082C YKL166C YHR033W
YGR157W YJL095W YML019W YJR073C YGL226C-A YOR103C,GO:0006487,protein N-linked glycosylation,0.000374264,YML019W YGL226C-A YOR103C
YHL034C YPL009C YGL195W YBR212W YLR067C,GO:0006417,regulation of translation,0.000474071,YHL034C YGL195W YLR067C YBR212W
YNL225C YOR373W YDL239C,GO:0051300,spindle pole body organization,0.002356777,YOR373W YNL225C
YLR406C YDL075W YMR247C YJL189W,GO:0002181,cytoplasmic translation,0.002582554,YJL189W YDL075W YLR406C
YOR141C YGL150C YNL021W,GO:0006325,chromatin organization,0.007265967,YGL150C YNL021W YOR141C
YJL140W YJL168C YGR218W YDL115C,GO:0006913,nucleocytoplasmic transport,0.007278555,YJL140W YDL115C YGR218W